account_code,account_name,category,keywords
1000,Cash,Assets,"cash,bank,chequing"
1100,Accounts Receivable,Assets,"receivable,invoice,AR"
1200,Prepaid Expenses,Assets,"prepaid,advance"
2000,Accounts Payable,Liabilities,"payable,AP,vendor bill"
3000,Equity,Equity,"capital,owner equity"
4000,Revenue,Revenue,"income,revenue,sales"
5100,Cost of Goods Sold,COGS,"cogs,materials,supplies"
5200,Wages & Salaries,Expenses,"wage,salary,payroll"
5210,Contract Labor,Expenses,"contractor,freelance"
5300,Rent,Expenses,"rent,lease,location fee"
5400,Utilities,Expenses,"hydro,water,internet"
5500,Insurance,Expenses,"insurance,liability"
5600,Equipment Rental,Expenses,"rental,gear,equipment"
5700,Travel,Expenses,"flight,airfare,train,hotel,travel"
5800,Meals & Entertainment,Expenses,"meal,catering,lunch"
5900,Post-Production,Expenses,"editing,post,vfx,audio"
6000,Office Supplies,Expenses,"stationery,office,supplies"
6100,Marketing,Expenses,"ad,marketing,social"
6200,Professional Services,Expenses,"legal,accounting,consulting"
6300,Miscellaneous,Expenses,"misc,other,uncategorized"
